{"resources/backgrounds/Humans.png":["resources/backgrounds/Humans.png"],"resources/backgrounds/More%20is%20Better.png":["resources/backgrounds/More%20is%20Better.png"],"resources/backgrounds/Star%20Wars.png":["resources/backgrounds/Star%20Wars.png"],"resources/backgrounds/Underwater.png":["resources/backgrounds/Underwater.png"],"resources/backgrounds/Unicorns.png":["resources/backgrounds/Unicorns.png"],"resources/backgrounds/Zoo.png":["resources/backgrounds/Zoo.png"],"resources/backgrounds/architecture.png":["resources/backgrounds/architecture.png"],"resources/backgrounds/exloader.png":["resources/backgrounds/exloader.png"],"resources/backgrounds/gamer.png":["resources/backgrounds/gamer.png"],"resources/backgrounds/kittens.png":["resources/backgrounds/kittens.png"],"resources/backgrounds/knighthood.png":["resources/backgrounds/knighthood.png"],"resources/backgrounds/mathematics.png":["resources/backgrounds/mathematics.png"],"resources/fonts/MONTSERRAT-BOLD.TTF":["resources/fonts/MONTSERRAT-BOLD.TTF"],"resources/fonts/MONTSERRAT-MEDIUM.TTF":["resources/fonts/MONTSERRAT-MEDIUM.TTF"],"resources/fonts/MONTSERRAT-SEMIBOLD.TTF":["resources/fonts/MONTSERRAT-SEMIBOLD.TTF"],"resources/fonts/Rounded_Elegance.ttf":["resources/fonts/Rounded_Elegance.ttf"],"resources/icons/alphabetical-order.svg":["resources/icons/alphabetical-order.svg"],"resources/icons/back-arrow.svg":["resources/icons/back-arrow.svg"],"resources/icons/checked.svg":["resources/icons/checked.svg"],"resources/icons/close.svg":["resources/icons/close.svg"],"resources/icons/discord.svg":["resources/icons/discord.svg"],"resources/icons/dot-outline.svg":["resources/icons/dot-outline.svg"],"resources/icons/dot.svg":["resources/icons/dot.svg"],"resources/icons/drop-arrow.svg":["resources/icons/drop-arrow.svg"],"resources/icons/eye.svg":["resources/icons/eye.svg"],"resources/icons/forward-arrow.svg":["resources/icons/forward-arrow.svg"],"resources/icons/issue.svg":["resources/icons/issue.svg"],"resources/icons/maximize.svg":["resources/icons/maximize.svg"],"resources/icons/minimize.svg":["resources/icons/minimize.svg"],"resources/icons/more.svg":["resources/icons/more.svg"],"resources/icons/mouse.svg":["resources/icons/mouse.svg"],"resources/icons/next.svg":["resources/icons/next.svg"],"resources/icons/play.svg":["resources/icons/play.svg"],"resources/icons/plus.svg":["resources/icons/plus.svg"],"resources/icons/safe-shield.svg":["resources/icons/safe-shield.svg"],"resources/icons/sort.svg":["resources/icons/sort.svg"],"resources/icons/star-outline.svg":["resources/icons/star-outline.svg"],"resources/icons/star.svg":["resources/icons/star.svg"],"resources/icons/trash.svg":["resources/icons/trash.svg"],"resources/icons/unknown-shield.svg":["resources/icons/unknown-shield.svg"],"resources/icons/unsafe-shield.svg":["resources/icons/unsafe-shield.svg"],"resources/icons/unverified.svg":["resources/icons/unverified.svg"],"resources/icons/update.svg":["resources/icons/update.svg"],"resources/icons/verified.svg":["resources/icons/verified.svg"],"resources/icons/vk.svg":["resources/icons/vk.svg"],"resources/skin_items/weapon_ak47.svg":["resources/skin_items/weapon_ak47.svg"],"resources/skin_items/weapon_aug.svg":["resources/skin_items/weapon_aug.svg"],"resources/skin_items/weapon_awp.svg":["resources/skin_items/weapon_awp.svg"],"resources/skin_items/weapon_bizon.svg":["resources/skin_items/weapon_bizon.svg"],"resources/skin_items/weapon_cz75a.svg":["resources/skin_items/weapon_cz75a.svg"],"resources/skin_items/weapon_deagle.svg":["resources/skin_items/weapon_deagle.svg"],"resources/skin_items/weapon_elite.svg":["resources/skin_items/weapon_elite.svg"],"resources/skin_items/weapon_famas.svg":["resources/skin_items/weapon_famas.svg"],"resources/skin_items/weapon_fiveseven.svg":["resources/skin_items/weapon_fiveseven.svg"],"resources/skin_items/weapon_g3sg1.svg":["resources/skin_items/weapon_g3sg1.svg"],"resources/skin_items/weapon_galilar.svg":["resources/skin_items/weapon_galilar.svg"],"resources/skin_items/weapon_glock.svg":["resources/skin_items/weapon_glock.svg"],"resources/skin_items/weapon_hkp2000.svg":["resources/skin_items/weapon_hkp2000.svg"],"resources/skin_items/weapon_m249.svg":["resources/skin_items/weapon_m249.svg"],"resources/skin_items/weapon_m4a1.svg":["resources/skin_items/weapon_m4a1.svg"],"resources/skin_items/weapon_m4a1_silencer.svg":["resources/skin_items/weapon_m4a1_silencer.svg"],"resources/skin_items/weapon_mac10.svg":["resources/skin_items/weapon_mac10.svg"],"resources/skin_items/weapon_mag7.svg":["resources/skin_items/weapon_mag7.svg"],"resources/skin_items/weapon_mp5sd.svg":["resources/skin_items/weapon_mp5sd.svg"],"resources/skin_items/weapon_mp7.svg":["resources/skin_items/weapon_mp7.svg"],"resources/skin_items/weapon_mp9.svg":["resources/skin_items/weapon_mp9.svg"],"resources/skin_items/weapon_negev.svg":["resources/skin_items/weapon_negev.svg"],"resources/skin_items/weapon_nova.svg":["resources/skin_items/weapon_nova.svg"],"resources/skin_items/weapon_p250.svg":["resources/skin_items/weapon_p250.svg"],"resources/skin_items/weapon_p90.svg":["resources/skin_items/weapon_p90.svg"],"resources/skin_items/weapon_revolver.svg":["resources/skin_items/weapon_revolver.svg"],"resources/skin_items/weapon_sawedoff.svg":["resources/skin_items/weapon_sawedoff.svg"],"resources/skin_items/weapon_scar20.svg":["resources/skin_items/weapon_scar20.svg"],"resources/skin_items/weapon_sg556.svg":["resources/skin_items/weapon_sg556.svg"],"resources/skin_items/weapon_ssg08.svg":["resources/skin_items/weapon_ssg08.svg"],"resources/skin_items/weapon_tec9.svg":["resources/skin_items/weapon_tec9.svg"],"resources/skin_items/weapon_ump45.svg":["resources/skin_items/weapon_ump45.svg"],"resources/skin_items/weapon_usp_silencer.svg":["resources/skin_items/weapon_usp_silencer.svg"],"resources/skin_items/weapon_xm1014.svg":["resources/skin_items/weapon_xm1014.svg"]}